{
  "p2_prompt_0": {
    "5": 27.95077896118164
  },
  "p2_prompt_1": {
    "5": 97.79595184326172
  },
  "p2_prompt_10": {
    "5": 28.465129852294922
  },
  "p2_prompt_1013": {
    "5": 17.605363845825195
  },
  "p2_prompt_1014": {
    "5": 12.028189659118652
  },
  "p2_prompt_1015": {
    "5": 9.299554824829102
  },
  "p2_prompt_1016": {
    "5": 3.832913398742676
  },
  "p2_prompt_1017": {
    "5": 10.10268783569336
  },
  "p2_prompt_1018": {
    "5": 2.4473888874053955
  },
  "p2_prompt_1019": {
    "5": 16.892860412597656
  },
  "p2_prompt_1020": {
    "5": 9.744294166564941
  },
  "p2_prompt_1021": {
    "5": 20.58611297607422
  },
  "p2_prompt_1022": {
    "5": 31.677534103393555
  },
  "p2_prompt_1023": {
    "5": 5.1193695068359375
  },
  "p2_prompt_1024": {
    "5": 1.8881349563598633
  },
  "p2_prompt_1025": {
    "5": 4.385922908782959
  },
  "p2_prompt_1026": {
    "5": 38.641761779785156
  },
  "p2_prompt_1027": {
    "5": 25.220645904541016
  },
  "p2_prompt_1028": {
    "5": 13.922148704528809
  },
  "p2_prompt_1029": {
    "5": 36.658531188964844
  },
  "p2_prompt_1030": {
    "5": 54.52033615112305
  },
  "p2_prompt_1031": {
    "5": 18.17308235168457
  },
  "p2_prompt_1032": {
    "5": 7.588752746582031
  },
  "p2_prompt_11": {
    "5": 39.2431755065918
  },
  "p2_prompt_1103": {
    "5": 9.744089126586914
  },
  "p2_prompt_1104": {
    "5": 1.008231282234192
  },
  "p2_prompt_1105": {
    "5": 11.952466011047363
  },
  "p2_prompt_1106": {
    "5": 0.9859365224838257
  },
  "p2_prompt_1107": {
    "5": 6.038746356964111
  },
  "p2_prompt_1108": {
    "5": 13.14020824432373
  },
  "p2_prompt_1109": {
    "5": 17.41922950744629
  },
  "p2_prompt_1110": {
    "5": 6.956213474273682
  },
  "p2_prompt_1111": {
    "5": 6.0972747802734375
  },
  "p2_prompt_1112": {
    "5": 11.534388542175293
  },
  "p2_prompt_1113": {
    "5": 3.4315249919891357
  },
  "p2_prompt_1114": {
    "5": 2.142407178878784
  },
  "p2_prompt_1115": {
    "5": 32.49268341064453
  },
  "p2_prompt_1116": {
    "5": 7.7440924644470215
  },
  "p2_prompt_1117": {
    "5": 27.194917678833008
  },
  "p2_prompt_1118": {
    "5": 3.402169942855835
  },
  "p2_prompt_1119": {
    "5": 3.56199049949646
  },
  "p2_prompt_1120": {
    "5": 11.062705993652344
  },
  "p2_prompt_1121": {
    "5": 8.43809700012207
  },
  "p2_prompt_1122": {
    "5": 3.373731851577759
  },
  "p2_prompt_12": {
    "5": 12.000150680541992
  },
  "p2_prompt_13": {
    "5": 19.360231399536133
  },
  "p2_prompt_1335": {
    "5": 3.499196767807007
  },
  "p2_prompt_1336": {
    "5": 6.550766468048096
  },
  "p2_prompt_1337": {
    "5": 1.680984616279602
  },
  "p2_prompt_1338": {
    "5": 5.9721832275390625
  },
  "p2_prompt_1339": {
    "5": 3.583634614944458
  },
  "p2_prompt_1340": {
    "5": 10.4028959274292
  },
  "p2_prompt_1341": {
    "5": 5.902243137359619
  },
  "p2_prompt_1342": {
    "5": 5.7525224685668945
  },
  "p2_prompt_1343": {
    "5": 3.1957993507385254
  },
  "p2_prompt_1344": {
    "5": 6.529446601867676
  },
  "p2_prompt_1345": {
    "5": 0.8516760468482971
  },
  "p2_prompt_1346": {
    "5": 1.3337993621826172
  },
  "p2_prompt_1347": {
    "5": 1.9590452909469604
  },
  "p2_prompt_1348": {
    "5": 3.0551977157592773
  },
  "p2_prompt_1349": {
    "5": 8.650198936462402
  },
  "p2_prompt_1350": {
    "5": 1.8933295011520386
  },
  "p2_prompt_1351": {
    "5": 20.722169876098633
  },
  "p2_prompt_1352": {
    "5": 21.14008140563965
  },
  "p2_prompt_1353": {
    "5": 10.599052429199219
  },
  "p2_prompt_1354": {
    "5": 32.968414306640625
  },
  "p2_prompt_14": {
    "5": 25.89157485961914
  },
  "p2_prompt_15": {
    "5": 12.551437377929688
  },
  "p2_prompt_1541": {
    "5": 4.802072048187256
  },
  "p2_prompt_1542": {
    "5": 6.955961227416992
  },
  "p2_prompt_1543": {
    "5": 15.260453224182129
  },
  "p2_prompt_1544": {
    "5": 30.209426879882812
  },
  "p2_prompt_1545": {
    "5": 15.461552619934082
  },
  "p2_prompt_1546": {
    "5": 17.73668098449707
  },
  "p2_prompt_1547": {
    "5": 8.151498794555664
  },
  "p2_prompt_1548": {
    "5": 26.642478942871094
  },
  "p2_prompt_1549": {
    "5": 8.500638008117676
  },
  "p2_prompt_1550": {
    "5": 20.8142032623291
  },
  "p2_prompt_1551": {
    "5": 67.03622436523438
  },
  "p2_prompt_1552": {
    "5": 3.6787362098693848
  },
  "p2_prompt_1553": {
    "5": 6.106781005859375
  },
  "p2_prompt_1554": {
    "5": 5.933094501495361
  },
  "p2_prompt_1555": {
    "5": 4.3727335929870605
  },
  "p2_prompt_1556": {
    "5": 19.993074417114258
  },
  "p2_prompt_1557": {
    "5": 50.65956115722656
  },
  "p2_prompt_1558": {
    "5": 4.551930904388428
  },
  "p2_prompt_1559": {
    "5": 3.1353254318237305
  },
  "p2_prompt_1560": {
    "5": 3.198406934738159
  },
  "p2_prompt_16": {
    "5": 28.39787483215332
  },
  "p2_prompt_17": {
    "5": 33.35808563232422
  },
  "p2_prompt_18": {
    "5": 32.73164367675781
  },
  "p2_prompt_19": {
    "5": 13.821368217468262
  },
  "p2_prompt_2": {
    "5": 42.42422866821289
  },
  "p2_prompt_272": {
    "5": 1.936041235923767
  },
  "p2_prompt_273": {
    "5": 0.40433377027511597
  },
  "p2_prompt_274": {
    "5": 8.913768768310547
  },
  "p2_prompt_275": {
    "5": 2.219008684158325
  },
  "p2_prompt_276": {
    "5": 10.489797592163086
  },
  "p2_prompt_277": {
    "5": 1.4993855953216553
  },
  "p2_prompt_278": {
    "5": 3.385551691055298
  },
  "p2_prompt_279": {
    "5": 6.720651149749756
  },
  "p2_prompt_280": {
    "5": 4.810308456420898
  },
  "p2_prompt_281": {
    "5": 1.777144193649292
  },
  "p2_prompt_282": {
    "5": 30.66848373413086
  },
  "p2_prompt_283": {
    "5": 1.2257951498031616
  },
  "p2_prompt_284": {
    "5": 1.4986954927444458
  },
  "p2_prompt_285": {
    "5": 1.925333023071289
  },
  "p2_prompt_286": {
    "5": 0.9430469870567322
  },
  "p2_prompt_287": {
    "5": 2.9435651302337646
  },
  "p2_prompt_288": {
    "5": 0.9212015271186829
  },
  "p2_prompt_289": {
    "5": 11.138113021850586
  },
  "p2_prompt_290": {
    "5": 3.29923415184021
  },
  "p2_prompt_291": {
    "5": 19.975297927856445
  },
  "p2_prompt_3": {
    "5": 16.80900001525879
  },
  "p2_prompt_385": {
    "5": 1.622051477432251
  },
  "p2_prompt_386": {
    "5": 1.167999505996704
  },
  "p2_prompt_387": {
    "5": 1.7870161533355713
  },
  "p2_prompt_388": {
    "5": 3.899462938308716
  },
  "p2_prompt_389": {
    "5": 6.733328342437744
  },
  "p2_prompt_390": {
    "5": 7.519159317016602
  },
  "p2_prompt_391": {
    "5": 4.987745761871338
  },
  "p2_prompt_392": {
    "5": 20.323413848876953
  },
  "p2_prompt_393": {
    "5": 15.731767654418945
  },
  "p2_prompt_394": {
    "5": 6.689334869384766
  },
  "p2_prompt_395": {
    "5": 7.900514602661133
  },
  "p2_prompt_396": {
    "5": 7.991669178009033
  },
  "p2_prompt_397": {
    "5": 10.211915969848633
  },
  "p2_prompt_398": {
    "5": 6.52454948425293
  },
  "p2_prompt_399": {
    "5": 2.2439889907836914
  },
  "p2_prompt_4": {
    "5": 19.430065155029297
  },
  "p2_prompt_400": {
    "5": 2.7659318447113037
  },
  "p2_prompt_401": {
    "5": 4.86747407913208
  },
  "p2_prompt_402": {
    "5": 1.614992618560791
  },
  "p2_prompt_403": {
    "5": 2.868028402328491
  },
  "p2_prompt_404": {
    "5": 0.7047730088233948
  },
  "p2_prompt_5": {
    "5": 38.08390808105469
  },
  "p2_prompt_6": {
    "5": 25.74812126159668
  },
  "p2_prompt_697": {
    "5": 6.586945533752441
  },
  "p2_prompt_698": {
    "5": 2.7201952934265137
  },
  "p2_prompt_699": {
    "5": 6.977252960205078
  },
  "p2_prompt_7": {
    "5": 35.83641052246094
  },
  "p2_prompt_700": {
    "5": 9.320293426513672
  },
  "p2_prompt_701": {
    "5": 5.761092662811279
  },
  "p2_prompt_702": {
    "5": 4.877903461456299
  },
  "p2_prompt_703": {
    "5": 9.39693832397461
  },
  "p2_prompt_704": {
    "5": 10.601365089416504
  },
  "p2_prompt_705": {
    "5": 3.0759663581848145
  },
  "p2_prompt_706": {
    "5": 10.471231460571289
  },