{
  "p2_prompt_0": {
    "5": 0.23613904416561127
  },
  "p2_prompt_1": {
    "5": 0.23062074184417725
  },
  "p2_prompt_10": {
    "5": 0.1984846293926239
  },
  "p2_prompt_1013": {
    "5": 0.400343120098114
  },
  "p2_prompt_1014": {
    "5": 0.4766286015510559
  },
  "p2_prompt_1015": {
    "5": 0.5182026624679565
  },
  "p2_prompt_1016": {
    "5": 0.4977760314941406
  },
  "p2_prompt_1017": {
    "5": 0.7017989158630371
  },
  "p2_prompt_1018": {
    "5": 0.49772948026657104
  },
  "p2_prompt_1019": {
    "5": 0.28556153178215027
  },
  "p2_prompt_1020": {
    "5": 0.3407996892929077
  },
  "p2_prompt_1021": {
    "5": 0.41450485587120056
  },
  "p2_prompt_1022": {
    "5": 0.2350413054227829
  },
  "p2_prompt_1023": {
    "5": 0.43776440620422363
  },
  "p2_prompt_1024": {
    "5": 0.5326340198516846
  },
  "p2_prompt_1025": {
    "5": 0.4820699691772461
  },
  "p2_prompt_1026": {
    "5": 0.2125132977962494
  },
  "p2_prompt_1027": {
    "5": 0.49445176124572754
  },
  "p2_prompt_1028": {
    "5": 0.3509189486503601
  },
  "p2_prompt_1029": {
    "5": 0.3703860640525818
  },
  "p2_prompt_1030": {
    "5": 0.28292664885520935
  },
  "p2_prompt_1031": {
    "5": 0.4949343204498291
  },
  "p2_prompt_1032": {
    "5": 0.6240857839584351
  },
  "p2_prompt_11": {
    "5": 0.31861793994903564
  },
  "p2_prompt_1103": {
    "5": 0.42862552404403687
  },
  "p2_prompt_1104": {
    "5": 0.5512200593948364
  },
  "p2_prompt_1105": {
    "5": 0.30559998750686646
  },
  "p2_prompt_1106": {
    "5": 0.5932027101516724
  },
  "p2_prompt_1107": {
    "5": 0.408850759267807
  },
  "p2_prompt_1108": {
    "5": 0.5087501406669617
  },
  "p2_prompt_1109": {
    "5": 0.3882982134819031
  },
  "p2_prompt_1110": {
    "5": 0.5033271908760071
  },
  "p2_prompt_1111": {
    "5": 0.4776461124420166
  },
  "p2_prompt_1112": {
    "5": 0.6820244789123535
  },
  "p2_prompt_1113": {
    "5": 0.3953533172607422
  },
  "p2_prompt_1114": {
    "5": 0.44223737716674805
  },
  "p2_prompt_1115": {
    "5": 0.34906643629074097
  },
  "p2_prompt_1116": {
    "5": 0.45577526092529297
  },
  "p2_prompt_1117": {
    "5": 0.4666379392147064
  },
  "p2_prompt_1118": {
    "5": 0.8225974440574646
  },
  "p2_prompt_1119": {
    "5": 0.5641807913780212
  },
  "p2_prompt_1120": {
    "5": 0.42940348386764526
  },
  "p2_prompt_1121": {
    "5": 0.6258163452148438
  },
  "p2_prompt_1122": {
    "5": 0.7103778719902039
  },
  "p2_prompt_12": {
    "5": 0.247866690158844
  },
  "p2_prompt_13": {
    "5": 0.36001449823379517
  },
  "p2_prompt_1335": {
    "5": 0.46205955743789673
  },
  "p2_prompt_1336": {
    "5": 0.4312525689601898
  },
  "p2_prompt_1337": {
    "5": 0.5667874813079834
  },
  "p2_prompt_1338": {
    "5": 0.4792473316192627
  },
  "p2_prompt_1339": {
    "5": 0.441448450088501
  },
  "p2_prompt_1340": {
    "5": 0.42845451831817627
  },
  "p2_prompt_1341": {
    "5": 0.501186728477478
  },
  "p2_prompt_1342": {
    "5": 0.4615672826766968
  },
  "p2_prompt_1343": {
    "5": 0.4057184159755707
  },
  "p2_prompt_1344": {
    "5": 0.4522525668144226
  },
  "p2_prompt_1345": {
    "5": 0.6084755659103394
  },
  "p2_prompt_1346": {
    "5": 0.5720571279525757
  },
  "p2_prompt_1347": {
    "5": 0.6335303783416748
  },
  "p2_prompt_1348": {
    "5": 0.42409831285476685
  },
  "p2_prompt_1349": {
    "5": 0.4810009002685547
  },
  "p2_prompt_1350": {
    "5": 0.5373332500457764
  },
  "p2_prompt_1351": {
    "5": 0.3990272283554077
  },
  "p2_prompt_1352": {
    "5": 0.3531578481197357
  },
  "p2_prompt_1353": {
    "5": 0.6225248575210571
  },
  "p2_prompt_1354": {
    "5": 0.4631161689758301
  },
  "p2_prompt_14": {
    "5": 0.37629684805870056
  },
  "p2_prompt_15": {
    "5": 0.33368009328842163
  },
  "p2_prompt_1541": {
    "5": 0.5089935660362244
  },
  "p2_prompt_1542": {
    "5": 0.5636515021324158
  },
  "p2_prompt_1543": {
    "5": 0.5539224147796631
  },
  "p2_prompt_1544": {
    "5": 0.40839189291000366
  },
  "p2_prompt_1545": {
    "5": 0.5656567811965942
  },
  "p2_prompt_1546": {
    "5": 0.4985761046409607
  },
  "p2_prompt_1547": {
    "5": 0.3160925507545471
  },
  "p2_prompt_1548": {
    "5": 0.3813745379447937
  },
  "p2_prompt_1549": {
    "5": 0.4551660418510437
  },
  "p2_prompt_1550": {
    "5": 0.380300372838974
  },
  "p2_prompt_1551": {
    "5": 0.18719568848609924
  },
  "p2_prompt_1552": {
    "5": 0.4309436082839966
  },
  "p2_prompt_1553": {
    "5": 0.38482630252838135
  },
  "p2_prompt_1554": {
    "5": 0.3988247513771057
  },
  "p2_prompt_1555": {
    "5": 0.4685230255126953
  },
  "p2_prompt_1556": {
    "5": 0.2783147990703583
  },
  "p2_prompt_1557": {
    "5": 0.19228595495224
  },
  "p2_prompt_1558": {
    "5": 0.4388655424118042
  },
  "p2_prompt_1559": {
    "5": 0.3719310462474823
  },
  "p2_prompt_1560": {
    "5": 0.45940667390823364
  },
  "p2_prompt_16": {
    "5": 0.26124370098114014
  },
  "p2_prompt_17": {
    "5": 0.2802305817604065
  },
  "p2_prompt_18": {
    "5": 0.29937779903411865
  },
  "p2_prompt_19": {
    "5": 0.3796048164367676
  },
  "p2_prompt_2": {
    "5": 0.3712341785430908
  },
  "p2_prompt_272": {
    "5": 0.45350396633148193
  },
  "p2_prompt_273": {
    "5": 0.8131009936332703
  },
  "p2_prompt_274": {
    "5": 0.13890454173088074
  },
  "p2_prompt_275": {
    "5": 0.38272976875305176
  },
  "p2_prompt_276": {
    "5": 0.48358532786369324
  },
  "p2_prompt_277": {
    "5": 0.5754556655883789
  },
  "p2_prompt_278": {
    "5": 0.6259020566940308
  },
  "p2_prompt_279": {
    "5": 0.6007552146911621
  },
  "p2_prompt_280": {
    "5": 0.5575892925262451
  },
  "p2_prompt_281": {
    "5": 0.5344042181968689
  },
  "p2_prompt_282": {
    "5": 0.42067962884902954
  },
  "p2_prompt_283": {
    "5": 0.6494461297988892
  },
  "p2_prompt_284": {
    "5": 0.6036115288734436
  },
  "p2_prompt_285": {
    "5": 0.3577686548233032
  },
  "p2_prompt_286": {
    "5": 0.4527336061000824
  },
  "p2_prompt_287": {
    "5": 0.3175271153450012
  },
  "p2_prompt_288": {
    "5": 0.4048902690410614
  },
  "p2_prompt_289": {
    "5": 0.5277715921401978
  },
  "p2_prompt_290": {
    "5": 0.41372665762901306
  },
  "p2_prompt_291": {
    "5": 0.48714208602905273
  },
  "p2_prompt_3": {
    "5": 0.5319614410400391
  },
  "p2_prompt_385": {
    "5": 0.6937998533248901
  },
  "p2_prompt_386": {
    "5": 0.5073298215866089
  },
  "p2_prompt_387": {
    "5": 0.3670353889465332
  },
  "p2_prompt_388": {
    "5": 0.453898549079895
  },
  "p2_prompt_389": {
    "5": 0.594389796257019
  },
  "p2_prompt_390": {
    "5": 0.6454969048500061
  },
  "p2_prompt_391": {
    "5": 0.6279770135879517
  },
  "p2_prompt_392": {
    "5": 0.5703834295272827
  },
  "p2_prompt_393": {
    "5": 0.547142505645752
  },
  "p2_prompt_394": {
    "5": 0.562686026096344
  },
  "p2_prompt_395": {
    "5": 0.5779308080673218
  },
  "p2_prompt_396": {
    "5": 0.5546000003814697
  },
  "p2_prompt_397": {
    "5": 0.5247384309768677
  },
  "p2_prompt_398": {
    "5": 0.39981794357299805
  },
  "p2_prompt_399": {
    "5": 0.5852952003479004
  },
  "p2_prompt_4": {
    "5": 0.3967714309692383
  },
  "p2_prompt_400": {
    "5": 0.4390169084072113
  },
  "p2_prompt_401": {
    "5": 0.6623212099075317
  },
  "p2_prompt_402": {
    "5": 0.7100429534912109
  },
  "p2_prompt_403": {
    "5": 0.45970186591148376
  },
  "p2_prompt_404": {
    "5": 0.5243624448776245
  },
  "p2_prompt_5": {
    "5": 0.2477223128080368
  },
  "p2_prompt_6": {
    "5": 0.3239915072917938
  },
  "p2_prompt_697": {
    "5": 0.3939986824989319
  },
  "p2_prompt_698": {
    "5": 0.5303847789764404
  },
  "p2_prompt_699": {
    "5": 0.5222070217132568
  },
  "p2_prompt_7": {
    "5": 0.19069451093673706
  },
  "p2_prompt_700": {
    "5": 0.37844616174697876
  },
  "p2_prompt_701": {
    "5": 0.5171223878860474
  },
  "p2_prompt_702": {
    "5": 0.5675120949745178
  },
  "p2_prompt_703": {
    "5": 0.4370323121547699
  },
  "p2_prompt_704": {
    "5": 0.42517194151878357
  },