{
  "prompt_1": {
    "1": 131.103271484375,
    "2": 296.5205078125,
    "3": 294.2178955078125,
    "4": 195.3341064453125,
    "5": 167.390869140625,
    "6": 204.15072631835938
  },
  "prompt_2": {
    "1": 66.94377643763544,
    "2": 50.26912433802607,
    "3": 71.4323170870495,
    "4": 60.75827533900263,
    "5": 59.94202549159052,
    "6": 51.755349466199895
  },
  "prompt_3": {
    "1": 187.230712890625,
    "2": 100.14417266845703,
    "3": 97.69037628173828,
    "4": 134.81056213378906,
    "5": 135.42184448242188,
    "6": 157.74185180664062
  },
  "prompt_4": {
    "1": 139.9838104248047,
    "2": 97.85643005371094,
    "3": 129.09657287597656,
    "4": 130.07220458984375,
    "5": 137.6164093017578,
    "6": 180.77294921875
  },
  "prompt_5": {
    "1": 263.24896240234375,
    "2": 118.70267486572266,
    "3": 310.06396484375,
    "4": 238.38687133789062,
    "5": 263.53289794921875,
    "6": 245.0845947265625
  },
  "prompt_7": {
    "1": 157.5930938720703,
    "2": 144.96072387695312,
    "3": 130.17282104492188,
    "4": 176.23414611816406,
    "5": 159.39859008789062,
    "6": 171.94680786132812
  },
  "prompt_6": {
    "1": 93.5254898071289,
    "2": 23.941946029663086,
    "3": 35.49076843261719,
    "4": 49.910316467285156,
    "5": 71.5171127319336,
    "6": 101.87995147705078
  }
}