{
  "0": {},
  "prompt_1": {
    "0": 0.45684194564819336,
    "1": 0.36463552713394165,
    "2": 0.49779385328292847,
    "3": 0.4062581956386566,
    "4": 0.2306935042142868,
    "5": 0.2260359674692154,
    "6": 0.338960736989975
  },
  "prompt_2": {
    "0": 0.43135085701942444,
    "1": 0.49125130474567413,
    "2": 0.41150350868701935,
    "3": 0.42295515537261963,
    "4": 0.44928818941116333,
    "5": 0.4942399710416794,
    "6": 0.49475933611392975
  },
  "prompt_3": {
    "0": 0.4097353219985962,
    "1": 0.5091380476951599,
    "2": 0.3662709891796112,
    "3": 0.43168699741363525,
    "4": 0.4760763645172119,
    "5": 0.5212123394012451,
    "6": 0.5426104068756104
  },
  "prompt_4": {
    "0": 0.2836604416370392,
    "1": 0.31969135999679565,
    "2": 0.23226140439510345,
    "3": 0.297673761844635,
    "4": 0.3063240051269531,
    "5": 0.33406752347946167,
    "6": 0.34752023220062256
  },
  "prompt_5": {
    "0": 0.21166563034057617,
    "1": 0.42163968086242676,
    "2": 0.17468629777431488,
    "3": 0.24619078636169434,
    "4": 0.2721165716648102,
    "5": 0.37989479303359985,
    "6": 0.4305955171585083
  },
  "prompt_7": {
    "0": 0.6135457158088684,
    "1": 0.6204383373260498,
    "2": 0.484051913022995,
    "3": 0.6251617670059204,
    "4": 0.6414039134979248,
    "5": 0.6398882269859314,
    "6": 0.6199076175689697
  },
  "prompt_6": {
    "0": 0.1641291081905365,
    "1": 0.4288432002067566,
    "2": 0.1589621603488922,
    "3": 0.201524019241333,
    "4": 0.3698478937149048,
    "5": 0.39788275957107544,
    "6": 0.4176861047744751
  },
  "1": {},
  "2": {},
  "3": {},
  "4": {},
  "5": {},
  "6": {}
}