{
  "10_steps_prompt_1": {},
  "10_steps_prompt_2": {},
  "our_outputs": {},
  "prompt_1": {
    "1": 11.732797238737897,
    "2": 15.866694796415924,
    "3": 13.099125149250149,
    "4": 15.84442327109034,
    "5": 17.102217744781193,
    "6": 11.477369738943443
  },
  "prompt_2": {
    "1": 8.082958895535514,
    "2": 9.191522978410747,
    "3": 7.937166925193784,
    "4": 7.312828376726607,
    "5": 6.897626937385958,
    "6": 9.302409496358338
  },
  "prompt_3": {
    "1": 8.393190967426591,
    "2": 6.757810860989478,
    "3": 6.881020068224173,
    "4": 6.2034327245865155,
    "5": 7.610185981766283,
    "6": 6.076506643381492
  },
  "prompt_4": {
    "1": 14.840564632908864,
    "2": 13.620792216131532,
    "3": 13.308240242795346,
    "4": 12.093217319853393,
    "5": 13.994861528349169,
    "6": 13.408052570857999
  },
  "prompt_5": {
    "1": 9.873425685676088,
    "2": 10.24939821818508,
    "3": 10.31187334320155,
    "4": 8.530079079612344,
    "5": 11.554258635481544,
    "6": 9.75566957015729
  },
  "prompt_6": {
    "1": 12.27599787201052,
    "2": 12.60400533463172,
    "3": 10.424067087203806,
    "4": 7.906533581628279,
    "5": 8.632224690606927,
    "6": 10.269123261125028
  },
  "prompt_7": {
    "1": 7.882866120048005,
    "2": 10.292509900830147,
    "3": 8.257169823803356,
    "4": 8.292337036203108,
    "5": 9.262506841473725,
    "6": 7.92746876148787
  }
}